s0,d0_mm,d1_mm,Rf_rayl,phi,G_speech_dB,ripple_dB,refl
3.084317694556628631e-01,3.000000000000000000e+00,8.306163857496606795e+00,3.125841590578944107e+01,9.402531612341464839e-01,1.823242664268525814e+01,9.846407653931313675e+00,2.336839300332311520e-01
0.000000000000000000e+00,8.601494182572663405e+00,1.200000000000000000e+01,6.000000000000000000e+01,8.719720219984414822e-01,2.068040203732174476e+01,9.173825857513964621e+00,5.870169488146322889e-01
2.305454806100336318e-01,9.045937145058951856e+00,1.178052482250637922e+01,6.000000000000000000e+01,9.002466036088149215e-01,1.967182822671113485e+01,6.403591506012066503e+00,3.204757949096701530e-01
5.585205172073233823e-05,8.460775703904678480e+00,1.199996827333616700e+01,5.667374752744579780e+01,8.640857836816211446e-01,2.321698091676723763e+01,6.741517853993686060e+01,4.888235182822257552e-01
1.682576652947415097e-01,9.268624624489165242e+00,1.199144819354346936e+01,6.000000000000000000e+01,8.912697998134067046e-01,1.994684145038599254e+01,7.622732582631726928e+00,3.774330983146052532e-01
1.144538428531763873e-02,8.526522496311638832e+00,1.191568445572871937e+01,5.644646410773182765e+01,8.499999999999999778e-01,2.012409482350066625e+01,1.125839233518024685e+01,4.524056550333883098e-01
1.068076925180104345e-04,8.460239016570392678e+00,1.199983023490305634e+01,5.667296807795956681e+01,8.640387500948807364e-01,2.262881858249419409e+01,5.527777278539852546e+01,4.886185621042648530e-01
0.000000000000000000e+00,8.460014493723338802e+00,1.199996837191880239e+01,5.667291573013429939e+01,8.640742740234307329e-01,2.292040717453058818e+01,6.129512296824596262e+01,4.887133928930727511e-01
2.543935363031599728e-01,4.836660128052878704e+00,1.199999688214217919e+01,3.437744376565544258e+01,9.111069032993925898e-01,1.842443793807170138e+01,9.905486453737722741e+00,2.580359302832841428e-01
2.893713683001654102e-01,8.404698165626570017e+00,1.199992597257639027e+01,5.202892070763093813e+01,8.692196421454739808e-01,1.889522525484308701e+01,8.781536484414782961e+00,2.726543046223081634e-01
0.000000000000000000e+00,8.459962874457170656e+00,1.199996480631890705e+01,5.659904488820192370e+01,8.640357309599359104e-01,2.252093120102450641e+01,5.310640062563076924e+01,4.883389081935871623e-01
1.632598565225349676e-03,8.460494965126647671e+00,1.199668336223415288e+01,5.658892011020503077e+01,8.644182357060192778e-01,2.213105905525644346e+01,4.508036962629022071e+01,4.879555218020110718e-01
0.000000000000000000e+00,8.460121244415358177e+00,1.199999980716061820e+01,5.656083497654739745e+01,8.641754762199200801e-01,2.240200346281379495e+01,5.065176336477044572e+01,4.884553661813419989e-01
4.756269451329125421e-05,8.460062071191689625e+00,1.200000000000000000e+01,5.667292796705106639e+01,8.640892536057167561e-01,2.296199156825727528e+01,6.215314858942592480e+01,4.887233770856884707e-01
2.171297945127879936e-01,8.337641806467734895e+00,1.176944086977651516e+01,5.922019453362577224e+01,8.918676801808662624e-01,1.950228555285043086e+01,7.069321131911735279e+00,2.963304939347886080e-01
3.043701005212365914e-03,8.430854234976086659e+00,1.198248885019685694e+01,6.000000000000000000e+01,8.700524761343991775e-01,2.109279734997416966e+01,2.029026019956460658e+01,5.070994864394117174e-01
3.076428524016474458e-02,8.491556752131721453e+00,1.200000000000000000e+01,5.627205799730235469e+01,8.652445741652620148e-01,2.035741014454605846e+01,1.830887413145467590e+01,4.636621983934373081e-01
1.616736815099389657e-01,8.454295434915406915e+00,1.200000000000000000e+01,6.000000000000000000e+01,8.907883083097918320e-01,1.989275962886337012e+01,7.233772462063033259e+00,3.544822203065791100e-01
1.931684146882785627e-02,8.490437947638028504e+00,1.199995432882407798e+01,5.646423543808032974e+01,8.652908137481600814e-01,2.083839351204323265e+01,2.570972392431352205e+01,4.691196096928737513e-01
7.073394114918000238e-04,8.463991195456921801e+00,1.199862469971914258e+01,5.625281901555661079e+01,8.675682719498273299e-01,2.115964669946723831e+01,2.461974610789946638e+01,4.935627800187356584e-01
3.117534479073937395e-02,8.413243107428279188e+00,1.200000000000000000e+01,5.644697312732742489e+01,8.668263920632556241e-01,2.013303302717254795e+01,1.424427627254115869e+01,4.571907651016673957e-01
1.620361173775892449e-01,8.995247677004607922e+00,1.199150070959027303e+01,6.000000000000000000e+01,8.931761082486708858e-01,2.001131882438552267e+01,9.042876641120969339e+00,3.738024408911881369e-01
2.558862309900643284e-02,8.460879417889362486e+00,1.200000000000000000e+01,5.660708669452804997e+01,8.753103000523337895e-01,2.137345061879786456e+01,3.740949149950824903e+01,4.755641013670304784e-01
3.748905236076020570e-03,8.460122916633814327e+00,1.199995370648077575e+01,5.630592581084405879e+01,8.659354690698609636e-01,2.223196791467306355e+01,4.974932017023378705e+01,4.798114734024274131e-01
2.344089469632505418e-01,9.020521578633708515e+00,1.200000000000000000e+01,5.977532820574376160e+01,9.020222484190597578e-01,1.964896221261243170e+01,6.571399278631975704e+00,3.165339301632090208e-01
1.982656975123239795e-01,9.002665371486372692e+00,1.179020876202373103e+01,6.000000000000000000e+01,8.988402671006620048e-01,2.005450166280170521e+01,9.761155677124492058e+00,3.345179969297487066e-01
1.811723202666874494e-03,8.460698133954039690e+00,1.200000000000000000e+01,5.646465516520203209e+01,8.649050442204681000e-01,2.204230428607264614e+01,4.323668946047375528e+01,4.884506944302653419e-01
3.043644016624910513e-03,8.477259906573785031e+00,1.200000000000000000e+01,5.993524025581232451e+01,8.703251131067166746e-01,2.096613145743635087e+01,1.685818431920751692e+01,5.207208572972669147e-01
0.000000000000000000e+00,8.460638187610443950e+00,1.199995748286326958e+01,5.667370999224351635e+01,8.640423238850485355e-01,2.310963251736884061e+01,6.520368013378505623e+01,4.887552646348241048e-01
2.398289885400295141e-01,7.948087140239583626e+00,1.200000000000000000e+01,5.982909136345166701e+01,8.982033172282586353e-01,1.922031894745690295e+01,7.861965134448343662e+00,2.844786080548936114e-01
0.000000000000000000e+00,8.480809459068344935e+00,1.200000000000000000e+01,5.667494696794118170e+01,8.635259742061390797e-01,2.160263036802095016e+01,3.389458971480095784e+01,4.910069883547718006e-01
2.512758674134254466e-01,5.249996744660310632e+00,1.200000000000000000e+01,5.014882485576833915e+01,9.113728490297118290e-01,1.866460513796494070e+01,9.487411223809996130e+00,2.634308357434282932e-01
2.368754436925583351e-01,7.503229942562430033e+00,1.180558325485648474e+01,5.830778781894398577e+01,8.787283330214505916e-01,1.903781961804741485e+01,8.317755016550565372e+00,2.768854138442106705e-01
3.770941783205619593e-03,8.461424949368845816e+00,1.200000000000000000e+01,5.661942506895405813e+01,8.659325698430615503e-01,2.173817464689977186e+01,3.928847552417141031e+01,4.814801760025400612e-01
2.030523491704370465e-01,9.167013282471087265e+00,1.199176853707271917e+01,5.929829896265685818e+01,8.910380112958059540e-01,2.010441626668027126e+01,1.064395492382199393e+01,3.419187648745711239e-01
2.986426288471762946e-01,3.607863895838955948e+00,8.390440997065471862e+00,3.140254091134334757e+01,9.314907102479940137e-01,1.825119892488674722e+01,9.683981491149070919e+00,2.358266800437401611e-01
1.068724996811072463e-02,8.462179505462277262e+00,1.200000000000000000e+01,5.672266068322556265e+01,8.637245454897752861e-01,2.091710746317590974e+01,2.294889916348627068e+01,4.744098189299279511e-01
1.646742512523273194e-01,8.532584036534551331e+00,1.197877068521873412e+01,5.952725199579830928e+01,8.935435157283043717e-01,1.991046125578793635e+01,7.276716554077875543e+00,3.565397725404944040e-01
6.816985328994691314e-04,8.463907740913706235e+00,1.199862863895296883e+01,5.621955935781857505e+01,8.613622510804200827e-01,2.121535272372249281e+01,2.690806406380681892e+01,4.826375950344978794e-01
0.000000000000000000e+00,8.645868366752765155e+00,1.199965814509394235e+01,5.888594293324617013e+01,8.649499270047321664e-01,2.067692906564192157e+01,1.066157274761060947e+01,5.549841170786881106e-01
2.108141283633245822e-01,8.459646231476536826e+00,1.199043881002536338e+01,6.000000000000000000e+01,8.925360975126840346e-01,1.965428700135939977e+01,6.907115636067825193e+00,3.050151087806336481e-01
3.103914109093445367e-02,8.693841877892484860e+00,1.200000000000000000e+01,5.841062757952736462e+01,8.744107695029118554e-01,2.025756802121209432e+01,1.102264178754894175e+01,5.050205947765372683e-01
0.000000000000000000e+00,8.450985674141344717e+00,1.200000000000000000e+01,5.657785334148577761e+01,8.522533140422675624e-01,2.051214149562511224e+01,1.392842679391610261e+01,4.707928613157765785e-01
0.000000000000000000e+00,8.573235689866377740e+00,1.199996855514796223e+01,5.779262929309535224e+01,8.671723678801055435e-01,2.073231313063176628e+01,1.321989302091560603e+01,5.275064930178617884e-01
0.000000000000000000e+00,8.435305168990550939e+00,1.199575226481624135e+01,5.735865827339673473e+01,8.656969540973893373e-01,2.154462618683160002e+01,3.235092172383318143e+01,4.902705987652065112e-01
2.243697151653490651e-01,7.493521815927720375e+00,1.180850909142504790e+01,5.847374737900199904e+01,8.775769585836900033e-01,1.911834417570770484e+01,7.585774259310252177e+00,2.788741903760641461e-01
0.000000000000000000e+00,8.657424031214715043e+00,1.200000000000000000e+01,5.898015773516441129e+01,8.649612123049713608e-01,2.066181012673723316e+01,1.014101279316180282e+01,5.615638130546903861e-01
0.000000000000000000e+00,8.461943248296407205e+00,1.200000000000000000e+01,5.665637149903992054e+01,8.641907336849842247e-01,2.228533172954359287e+01,4.813627192524680254e+01,4.891513562444595453e-01
